file,events
10_soul-groove10_102_beat_4-4.mid,247
1_funk-groove1_138_beat_4-4.mid,410
2_funk-groove2_105_beat_4-4.mid,323
3_soul-groove3_86_beat_4-4.mid,457
4_soul-groove4_80_beat_4-4.mid,223
5_funk-groove5_84_beat_4-4.mid,368
6_hiphop-groove6_87_beat_4-4.mid,364
7_pop-groove7_138_beat_4-4.mid,210
8_rock-groove8_65_beat_4-4.mid,226
9_soul-groove9_105_beat_4-4.mid,207
100_neworleans-secondline_94_beat_4-4.mid,1397
101_dance-disco_120_beat_4-4.mid,1976
102_funk_95_beat_4-4.mid,2080
103_funk_95_fill_4-4.mid,17
104_funk_95_fill_4-4.mid,12
105_funk_95_fill_4-4.mid,19
106_funk_95_fill_4-4.mid,16
107_funk_95_fill_4-4.mid,17
108_funk_95_fill_4-4.mid,16
109_funk_95_fill_4-4.mid,17
10_jazz-funk_116_fill_4-4.mid,12
110_funk_95_fill_4-4.mid,17
111_funk_95_fill_4-4.mid,17
112_funk_95_fill_4-4.mid,30
113_funk_95_fill_4-4.mid,32
114_funk_95_fill_4-4.mid,23
115_funk_95_fill_4-4.mid,18
116_funk_95_fill_4-4.mid,19
117_funk_95_fill_4-4.mid,20
118_funk_95_fill_4-4.mid,15
119_funk_95_fill_4-4.mid,14
11_jazz-funk_116_fill_4-4.mid,12
120_funk_95_fill_4-4.mid,15
121_funk_95_fill_4-4.mid,14
122_funk_95_fill_4-4.mid,14
123_funk_95_fill_4-4.mid,19
124_funk_95_fill_4-4.mid,17
125_funk_95_fill_4-4.mid,13
126_funk-fast_125_beat_4-4.mid,1827
127_funk-fast_125_fill_4-4.mid,20
128_funk-fast_125_fill_4-4.mid,18
129_funk-fast_125_fill_4-4.mid,21
12_jazz-funk_116_fill_4-4.mid,23
130_funk-fast_125_fill_4-4.mid,8
131_funk-fast_125_fill_4-4.mid,9
132_funk-fast_125_fill_4-4.mid,10
133_funk-fast_125_fill_4-4.mid,12
134_funk-fast_125_fill_4-4.mid,13
135_funk-fast_125_fill_4-4.mid,18
136_funk-fast_125_fill_4-4.mid,18
137_funk-fast_125_fill_4-4.mid,13
138_funk-fast_125_fill_4-4.mid,17
139_funk-fast_125_fill_4-4.mid,14
13_jazz-funk_116_fill_4-4.mid,14
140_funk-fast_125_fill_4-4.mid,17
141_funk-fast_125_fill_4-4.mid,17
142_funk-fast_125_fill_4-4.mid,16
143_funk-fast_125_fill_4-4.mid,12
144_funk-fast_125_fill_4-4.mid,17
145_latin-brazilian-baiao_95_beat_4-4.mid,247
146_latin-brazilian-baiao_95_beat_4-4.mid,2170
147_latin-brazilian-baiao_95_fill_4-4.mid,15
148_latin-brazilian-baiao_95_fill_4-4.mid,21
149_latin-brazilian-baiao_95_fill_4-4.mid,15
14_jazz-funk_116_fill_4-4.mid,27
150_latin-brazilian-baiao_95_fill_4-4.mid,21
151_latin-brazilian-baiao_95_fill_4-4.mid,18
152_latin-brazilian-baiao_95_fill_4-4.mid,20
153_latin-brazilian-baiao_95_fill_4-4.mid,22
154_latin-brazilian-baiao_95_fill_4-4.mid,32
155_latin-brazilian-baiao_95_fill_4-4.mid,32
156_latin-brazilian-baiao_95_fill_4-4.mid,14
157_latin-brazilian-baiao_95_fill_4-4.mid,13
158_latin-brazilian-baiao_95_fill_4-4.mid,17
159_latin-brazilian-baiao_95_fill_4-4.mid,19
15_jazz-funk_116_fill_4-4.mid,19
160_latin-brazilian-baiao_95_fill_4-4.mid,17
161_latin-brazilian-baiao_95_fill_4-4.mid,14
162_latin-brazilian-baiao_95_fill_4-4.mid,13
163_latin-brazilian-baiao_95_fill_4-4.mid,26
164_latin-brazilian-baiao_95_fill_4-4.mid,14
165_latin-brazilian-baiao_95_fill_4-4.mid,14
166_latin-brazilian-baiao_95_fill_4-4.mid,26
167_latin-brazilian-baiao_95_fill_4-4.mid,15
168_latin-brazilian-baiao_95_fill_4-4.mid,17
169_latin-brazilian-baiao_95_fill_4-4.mid,20
16_jazz-funk_116_fill_4-4.mid,38
170_latin-brazilian-baiao_95_fill_4-4.mid,22
171_latin-brazilian-baiao_95_fill_4-4.mid,23
172_latin-brazilian-baiao_95_fill_4-4.mid,23
173_latin-brazilian-baiao_95_fill_4-4.mid,26
174_latin-brazilian-baiao_95_fill_4-4.mid,21
175_latin-brazilian-baiao_95_fill_4-4.mid,23
176_afrocuban_105_beat_4-4.mid,2194
177_afrocuban_105_fill_4-4.mid,15
178_afrocuban_105_fill_4-4.mid,14
179_afrocuban_105_fill_4-4.mid,7
17_jazz-funk_116_fill_4-4.mid,37
180_afrocuban_105_fill_4-4.mid,5
181_afrocuban_105_fill_4-4.mid,9
182_afrocuban_105_fill_4-4.mid,12
183_afrocuban_105_beat_4-4.mid,1727
184_reggae_78_beat_4-4.mid,598
185_reggae_78_fill_4-4.mid,8
186_reggae_78_fill_4-4.mid,10
187_reggae_78_fill_4-4.mid,13
188_reggae_78_fill_4-4.mid,13
189_reggae_78_fill_4-4.mid,10
18_jazz-funk_116_fill_4-4.mid,35
190_reggae_78_fill_4-4.mid,13
191_reggae_78_fill_4-4.mid,17
192_reggae_78_fill_4-4.mid,12
193_reggae_78_fill_4-4.mid,15
194_reggae_78_fill_4-4.mid,17
195_reggae_78_fill_4-4.mid,14
196_reggae_78_fill_4-4.mid,13
197_reggae_78_fill_4-4.mid,10
198_reggae_78_fill_4-4.mid,11
199_reggae_78_fill_4-4.mid,10
19_jazz-funk_116_fill_4-4.mid,18
1_funk_80_beat_4-4.mid,773
200_reggae_78_fill_4-4.mid,12
201_reggae-slow_64_beat_4-4.mid,701
202_rock-halftime_140_beat_4-4.mid,1334
203_rock-halftime_140_fill_4-4.mid,21
204_rock-halftime_140_fill_4-4.mid,13
205_rock-halftime_140_fill_4-4.mid,13
206_rock-halftime_140_fill_4-4.mid,22
207_rock-halftime_140_fill_4-4.mid,30
208_rock-halftime_140_fill_4-4.mid,11
209_rock-halftime_140_fill_4-4.mid,11
20_jazz-funk_116_fill_4-4.mid,16
210_rock-halftime_140_fill_4-4.mid,11
211_rock-halftime_140_fill_4-4.mid,11
212_rock-halftime_140_fill_4-4.mid,11
213_rock-halftime_140_fill_4-4.mid,12
214_rock-halftime_140_fill_4-4.mid,11
215_rock-halftime_140_fill_4-4.mid,10
216_rock-halftime_140_fill_4-4.mid,9
217_rock-halftime_140_fill_4-4.mid,9
218_rock-halftime_140_fill_4-4.mid,15
219_rock-halftime_140_fill_4-4.mid,30
21_jazz-funk_116_fill_4-4.mid,20
220_rock-halftime_140_fill_4-4.mid,11
221_rock-halftime_140_fill_4-4.mid,9
222_rock-halftime_140_fill_4-4.mid,9
223_rock-halftime_140_fill_4-4.mid,11
224_rock-halftime_140_fill_4-4.mid,8
225_rock-halftime_140_fill_4-4.mid,6
226_rock-halftime_140_fill_4-4.mid,27
227_rock-halftime_140_fill_4-4.mid,20
228_rock-halftime_140_fill_4-4.mid,13
229_rock-halftime_140_fill_4-4.mid,13
22_jazz-funk_116_fill_4-4.mid,19
230_rock-halftime_140_fill_4-4.mid,17
231_rock-halftime_140_fill_4-4.mid,34
232_rock-halftime_140_fill_4-4.mid,31
233_rock-halftime_140_fill_4-4.mid,15
234_rock-halftime_140_fill_4-4.mid,14
235_rock-halftime_140_fill_4-4.mid,16
236_rock-halftime_140_fill_4-4.mid,14
237_rock-halftime_140_fill_4-4.mid,16
238_rock-halftime_140_fill_4-4.mid,37
239_funk-purdieshuffle_130_beat_4-4.mid,1841
23_jazz-funk_116_fill_4-4.mid,19
240_funk-purdieshuffle_130_fill_4-4.mid,14
241_funk-purdieshuffle_130_fill_4-4.mid,12
242_funk-purdieshuffle_130_fill_4-4.mid,16
243_funk-purdieshuffle_130_fill_4-4.mid,18
244_funk-purdieshuffle_130_fill_4-4.mid,17
245_funk-purdieshuffle_130_fill_4-4.mid,12
246_funk-purdieshuffle_130_fill_4-4.mid,18
247_funk-purdieshuffle_130_fill_4-4.mid,23
248_funk-purdieshuffle_130_fill_4-4.mid,14
249_funk-purdieshuffle_130_fill_4-4.mid,14
24_jazz-funk_116_fill_4-4.mid,19
250_funk-purdieshuffle_130_fill_4-4.mid,14
251_funk-purdieshuffle_130_fill_4-4.mid,15
252_funk-purdieshuffle_130_fill_4-4.mid,10
253_funk-purdieshuffle_130_fill_4-4.mid,12
254_funk-purdieshuffle_130_fill_4-4.mid,10
255_funk-purdieshuffle_130_fill_4-4.mid,16
256_funk-purdieshuffle_130_fill_4-4.mid,18
257_funk-purdieshuffle_130_fill_4-4.mid,14
258_funk-purdieshuffle_130_fill_4-4.mid,21
259_funk-purdieshuffle_130_fill_4-4.mid,12
25_jazz-funk_116_fill_4-4.mid,18
260_funk-purdieshuffle_130_fill_4-4.mid,21
261_funk-purdieshuffle_130_fill_4-4.mid,14
262_funk-purdieshuffle_130_fill_4-4.mid,13
263_funk-purdieshuffle_130_fill_4-4.mid,11
264_funk-purdieshuffle_130_fill_4-4.mid,14
265_funk-purdieshuffle_130_fill_4-4.mid,17
266_funk-purdieshuffle_130_fill_4-4.mid,18
267_funk-purdieshuffle_130_fill_4-4.mid,14
268_funk-purdieshuffle_130_fill_4-4.mid,16
26_jazz-funk_116_fill_4-4.mid,13
27_jazz-funk_116_fill_4-4.mid,12
28_latin-samba_116_beat_4-4.mid,3236
29_latin-samba_116_fill_4-4.mid,8
2_funk_80_beat_4-4.mid,754
30_latin-samba_116_fill_4-4.mid,11
31_latin-samba_116_fill_4-4.mid,12
32_latin-samba_116_fill_4-4.mid,14
33_latin-samba_116_fill_4-4.mid,21
34_latin-samba_116_fill_4-4.mid,20
35_latin-samba_116_fill_4-4.mid,13
36_latin-samba_116_fill_4-4.mid,11
37_latin-samba_116_fill_4-4.mid,13
38_latin-samba_116_beat_4-4.mid,796
39_latin-samba_116_fill_4-4.mid,14
3_funk_80_beat_4-4.mid,1076
40_latin-samba_116_fill_4-4.mid,13
41_latin-samba_116_fill_4-4.mid,28
42_latin-samba_116_fill_4-4.mid,30
43_latin-samba_116_fill_4-4.mid,12
44_latin-samba_116_fill_4-4.mid,11
45_latin-samba_116_fill_4-4.mid,13
46_latin-samba_116_fill_4-4.mid,15
47_jazz_102_beat_4-4.mid,1119
48_jazz_93_beat_4-4.mid,476
49_jazz_125_beat_4-4.mid,835
4_jazz-funk_116_beat_4-4.mid,1020
50_jazz_125_beat_4-4.mid,692
51_rock-shuffle_125_beat_4-4.mid,1566
52_jazz_125_beat_4-4.mid,839
53_jazz_125_fill_4-4.mid,14
54_jazz_125_fill_4-4.mid,26
55_jazz_125_fill_4-4.mid,17
56_jazz_125_fill_4-4.mid,11
57_jazz_125_fill_4-4.mid,15
58_jazz_125_fill_4-4.mid,18
59_jazz_125_fill_4-4.mid,14
5_jazz-funk_116_beat_4-4.mid,1899
60_jazz_125_fill_4-4.mid,20
61_jazz_125_fill_4-4.mid,18
62_jazz_125_fill_4-4.mid,14
63_jazz_125_fill_4-4.mid,8
64_jazz_125_fill_4-4.mid,7
65_jazz_125_fill_4-4.mid,13
66_jazz_125_fill_4-4.mid,16
67_jazz_125_fill_4-4.mid,17
68_jazz_125_fill_4-4.mid,13
69_jazz_125_fill_4-4.mid,13
6_jazz-funk_116_fill_4-4.mid,15
70_jazz_125_fill_4-4.mid,11
71_jazz_125_fill_4-4.mid,12
72_jazz_125_fill_4-4.mid,15
73_jazz_125_fill_4-4.mid,10
74_jazz_125_fill_4-4.mid,17
75_jazz_125_beat_4-4.mid,486
76_jazz-mediumfast_180_beat_4-4.mid,75
77_jazz-mediumfast_180_beat_4-4.mid,1310
78_jazz-fast_290_beat_4-4.mid,1497
79_latin-reggaeton_90_beat_4-4.mid,562
7_jazz-funk_116_fill_4-4.mid,16
80_dance-breakbeat_170_beat_4-4.mid,1329
81_dance-breakbeat_170_beat_4-4.mid,637
82_neworleans-funk_84_beat_4-4.mid,992
83_neworleans-funk_84_fill_4-4.mid,10
84_neworleans-funk_84_fill_4-4.mid,18
85_neworleans-funk_84_fill_4-4.mid,24
86_neworleans-funk_84_fill_4-4.mid,10
87_neworleans-funk_84_fill_4-4.mid,12
88_neworleans-funk_84_fill_4-4.mid,32
89_neworleans-funk_84_fill_4-4.mid,33
8_jazz-funk_116_fill_4-4.mid,17
90_neworleans-funk_84_fill_4-4.mid,13
91_neworleans-funk_84_fill_4-4.mid,21
92_neworleans-funk_84_fill_4-4.mid,16
93_neworleans-funk_84_fill_4-4.mid,15
94_neworleans-funk_84_fill_4-4.mid,24
95_neworleans-funk_84_fill_4-4.mid,24
96_neworleans-funk_84_fill_4-4.mid,25
97_neworleans-funk_84_fill_4-4.mid,18
98_neworleans-funk_84_fill_4-4.mid,20
99_neworleans-funk_84_fill_4-4.mid,29
9_jazz-funk_116_fill_4-4.mid,15
100_funk-rock_92_fill_4-4.mid,20
101_funk-rock_92_fill_4-4.mid,18
102_funk-rock_92_fill_4-4.mid,17
103_funk-rock_92_fill_4-4.mid,15
104_funk-rock_92_fill_4-4.mid,26
105_funk-rock_92_fill_4-4.mid,25
106_funk-rock_92_fill_4-4.mid,25
107_funk-rock_92_fill_4-4.mid,19
108_funk-rock_92_fill_4-4.mid,20
109_funk-rock_92_fill_4-4.mid,14
10_country_114_beat_4-4.mid,1646
110_rock-prog_190_beat_4-4.mid,903
111_rock-prog_110_beat_5-4.mid,1447
112_afrocuban-bembe_122_beat_4-4.mid,1940
113_afrocuban-bembe_122_fill_4-4.mid,11
114_afrocuban-bembe_122_fill_4-4.mid,13
115_afrocuban-bembe_122_fill_4-4.mid,10
116_afrocuban-bembe_122_fill_4-4.mid,12
117_afrocuban-bembe_122_fill_4-4.mid,18
118_afrocuban-bembe_122_fill_4-4.mid,18
119_afrocuban-bembe_122_fill_4-4.mid,16
11_country_114_fill_4-4.mid,15
120_afrocuban-bembe_122_fill_4-4.mid,22
121_afrocuban-bembe_122_fill_4-4.mid,16
122_afrocuban-bembe_122_fill_4-4.mid,16
123_afrocuban-bembe_122_fill_4-4.mid,9
124_afrocuban-bembe_122_fill_4-4.mid,11
125_afrocuban-bembe_122_fill_4-4.mid,16
126_afrocuban-bembe_122_fill_4-4.mid,13
127_afrocuban-bembe_122_fill_4-4.mid,16
128_afrocuban-bembe_122_fill_4-4.mid,18
129_afrocuban-bembe_122_fill_4-4.mid,10
12_country_114_fill_4-4.mid,18
130_afrocuban-bembe_122_fill_4-4.mid,12
131_afrocuban-bembe_122_fill_4-4.mid,14
132_afrocuban-bembe_122_fill_4-4.mid,9
133_afrocuban-bembe_122_fill_4-4.mid,7
134_afrocuban-bembe_122_fill_4-4.mid,8
135_afrocuban-bembe_122_fill_4-4.mid,7
136_afrocuban-bembe_122_fill_4-4.mid,9
137_afrocuban-bembe_122_fill_4-4.mid,8
138_afrocuban-bembe_122_fill_4-4.mid,8
139_afrocuban-bembe_122_fill_4-4.mid,9
13_country_114_fill_4-4.mid,16
140_afrocuban-bembe_122_fill_4-4.mid,10
141_afrocuban-bembe_122_fill_4-4.mid,9
142_gospel_120_beat_4-4.mid,1641
143_gospel_120_fill_4-4.mid,17
144_gospel_120_fill_4-4.mid,14
145_gospel_120_fill_4-4.mid,4
146_gospel_120_fill_4-4.mid,3
147_gospel_120_fill_4-4.mid,10
148_gospel_120_fill_4-4.mid,11
149_gospel_120_fill_4-4.mid,9
14_country_114_fill_4-4.mid,19
150_gospel_120_fill_4-4.mid,13
151_gospel_120_fill_4-4.mid,12
152_gospel_120_fill_4-4.mid,7
153_gospel_120_fill_4-4.mid,19
154_gospel_120_fill_4-4.mid,19
155_gospel_120_fill_4-4.mid,24
156_gospel_120_fill_4-4.mid,17
157_gospel_120_fill_4-4.mid,17
158_gospel_120_fill_4-4.mid,16
159_gospel_120_fill_4-4.mid,16
15_country_114_fill_4-4.mid,17
160_gospel_120_fill_4-4.mid,19
161_afrocuban-rhumba_110_beat_4-4.mid,1729
162_afrocuban-rhumba_110_fill_4-4.mid,7
163_afrocuban-rhumba_110_fill_4-4.mid,6
164_afrocuban-rhumba_110_fill_4-4.mid,9
165_afrocuban-rhumba_110_fill_4-4.mid,9
166_afrocuban-rhumba_110_fill_4-4.mid,11
167_afrocuban-rhumba_110_fill_4-4.mid,11
168_afrocuban-rhumba_110_fill_4-4.mid,13
169_afrocuban-rhumba_110_fill_4-4.mid,14
16_country_114_fill_4-4.mid,16
170_afrocuban-rhumba_110_fill_4-4.mid,9
171_afrocuban-rhumba_110_fill_4-4.mid,10
172_afrocuban-rhumba_110_fill_4-4.mid,8
173_afrocuban-rhumba_110_fill_4-4.mid,5
174_afrocuban-rhumba_110_fill_4-4.mid,7
175_afrocuban-rhumba_110_fill_4-4.mid,8
176_afrocuban-rhumba_110_fill_4-4.mid,8
177_afrocuban-rhumba_110_fill_4-4.mid,8
178_afrocuban-rhumba_110_fill_4-4.mid,11
179_afrocuban-rhumba_110_fill_4-4.mid,10
17_country_114_fill_4-4.mid,16
180_rock_50_beat_4-4.mid,913
181_rock_115_beat_4-4.mid,1193
182_rock_115_fill_4-4.mid,15
183_rock_115_fill_4-4.mid,13
184_rock_115_fill_4-4.mid,11
185_rock_115_fill_4-4.mid,12
186_rock_115_fill_4-4.mid,5
187_rock_115_fill_4-4.mid,6
188_rock_115_fill_4-4.mid,8
189_rock_115_fill_4-4.mid,10
18_country_114_fill_4-4.mid,17
190_rock_115_fill_4-4.mid,9
191_rock_115_fill_4-4.mid,11
192_rock_115_fill_4-4.mid,17
193_rock_115_fill_4-4.mid,13
194_rock_115_fill_4-4.mid,15
195_rock_115_fill_4-4.mid,12
196_rock_115_fill_4-4.mid,10
197_rock_115_fill_4-4.mid,12
198_rock_115_fill_4-4.mid,9
19_country_114_fill_4-4.mid,19
1_latin-chacarera_157_beat_3-4.mid,1334
20_country_114_fill_4-4.mid,8
21_country_114_fill_4-4.mid,12
22_country_114_fill_4-4.mid,7
23_country_114_fill_4-4.mid,6
24_country_114_fill_4-4.mid,6
25_country_114_fill_4-4.mid,13
26_country_114_fill_4-4.mid,10
27_country_114_fill_4-4.mid,13
28_country_114_fill_4-4.mid,17
29_country_114_fill_4-4.mid,14
2_latin-chacarera_118_beat_4-4.mid,1420
30_country_114_fill_4-4.mid,15
31_country_114_fill_4-4.mid,12
32_punk_140_beat_4-4.mid,1709
33_punk_128_beat_4-4.mid,38
34_punk_128_beat_4-4.mid,75
35_punk_128_beat_4-4.mid,1162
36_punk_128_beat_4-4.mid,57
37_punk_128_beat_4-4.mid,18
38_punk_128_fill_4-4.mid,16
39_punk_128_fill_4-4.mid,17
3_latin-chacarera_118_beat_4-4.mid,952
40_punk_128_fill_4-4.mid,16
41_punk_128_fill_4-4.mid,16
42_punk_128_fill_4-4.mid,19
43_punk_128_fill_4-4.mid,16
44_punk_128_fill_4-4.mid,15
45_punk_128_fill_4-4.mid,15
46_punk_128_fill_4-4.mid,22
47_punk_128_fill_4-4.mid,20
48_punk_128_fill_4-4.mid,16
49_punk_128_fill_4-4.mid,17
4_jazz_120_beat_3-4.mid,1008
50_punk_128_fill_4-4.mid,13
51_punk_128_fill_4-4.mid,17
52_punk_128_fill_4-4.mid,15
53_punk_128_fill_4-4.mid,17
54_punk_128_fill_4-4.mid,17
55_punk_128_fill_4-4.mid,22
56_punk_128_fill_4-4.mid,21
57_punk_128_fill_4-4.mid,23
58_punk_128_fill_4-4.mid,22
59_punk_128_fill_4-4.mid,18
5_jazz_200_beat_3-4.mid,1261
60_punk_128_fill_4-4.mid,15
61_punk_128_fill_4-4.mid,14
62_punk_144_beat_4-4.mid,1312
63_punk_144_fill_4-4.mid,12
64_punk_144_fill_4-4.mid,11
65_punk_144_fill_4-4.mid,12
66_punk_144_fill_4-4.mid,11
67_punk_144_fill_4-4.mid,14
68_punk_144_fill_4-4.mid,14
69_punk_144_fill_4-4.mid,18
6_rock_102_beat_3-4.mid,2203
70_punk_144_fill_4-4.mid,14
71_punk_144_fill_4-4.mid,9
72_punk_144_fill_4-4.mid,12
73_punk_144_fill_4-4.mid,10
74_punk_144_fill_4-4.mid,13
75_punk_144_fill_4-4.mid,13
76_punk_144_fill_4-4.mid,13
77_punk_144_fill_4-4.mid,12
78_punk_144_fill_4-4.mid,12
79_punk_144_fill_4-4.mid,11
7_jazz-march_88_beat_4-4.mid,1830
80_punk_144_fill_4-4.mid,13
81_punk_144_fill_4-4.mid,14
82_punk_144_fill_4-4.mid,11
83_punk_144_fill_4-4.mid,15
84_punk_144_fill_4-4.mid,18
85_punk_144_fill_4-4.mid,20
86_punk_144_fill_4-4.mid,14
87_punk_144_fill_4-4.mid,17
88_punk_144_fill_4-4.mid,18
89_punk_144_fill_4-4.mid,15
8_jazz-march_176_beat_4-4.mid,1294
90_funk-rock_92_beat_4-4.mid,795
91_funk-rock_92_fill_4-4.mid,10
92_funk-rock_92_fill_4-4.mid,12
93_funk-rock_92_fill_4-4.mid,13
94_funk-rock_92_fill_4-4.mid,13
95_funk-rock_92_fill_4-4.mid,15
96_funk-rock_92_fill_4-4.mid,14
97_funk-rock_92_fill_4-4.mid,24
98_funk-rock_92_fill_4-4.mid,23
99_funk-rock_92_fill_4-4.mid,18
9_jazz-march_120_beat_4-4.mid,1308
10_rock-folk_90_beat_4-4.mid,2162
11_afrobeat_94_beat_4-4.mid,2504
12_latin-bomba_96_beat_4-4.mid,2045
13_rock_115_beat_4-4.mid,2821
14_rock_94_beat_4-4.mid,912
15_funk_117_beat_4-4.mid,1194
16_funk_117_beat_4-4.mid,817
17_afrocuban-calypso_108_beat_4-4.mid,2681
18_rock_128_beat_4-4.mid,1085
1_rock-prog_125_beat_4-4.mid,4260
2_jazz-swing_185_beat_4-4.mid,2402
3_rock-rockabilly_200_beat_4-4.mid,3198
4_jazz-linear_182_beat_4-4.mid,2754
5_jazz-linear_128_beat_4-4.mid,2941
6_dance-disco_120_beat_4-4.mid,2476
7_dance-disco_120_beat_4-4.mid,644
8_rock_135_beat_4-4.mid,309
9_rock_135_beat_4-4.mid,2142
10_jazz-swing_110_beat_4-4.mid,1411
1_jazz-swing_124_beat_4-4.mid,1115
2_jazz-swing_215_beat_4-4.mid,927
3_jazz-swing_215_beat_4-4.mid,418
4_jazz-swing_215_beat_4-4.mid,519
5_jazz-swing_215_beat_4-4.mid,650
6_jazz-swing_215_beat_4-4.mid,234
7_jazz-swing_215_beat_4-4.mid,130
8_jazz-swing_215_beat_4-4.mid,158
9_jazz-swing_110_beat_4-4.mid,1227
1_rock_110_beat_4-4.mid,9279
2_rock_102_beat_4-4.mid,11513
10_rock_130_beat_4-4.mid,17
11_rock_130_beat_4-4.mid,18
12_rock_130_beat_4-4.mid,17
13_rock_130_beat_4-4.mid,19
14_rock_130_beat_4-4.mid,18
15_rock_130_beat_4-4.mid,38
1_rock_130_beat_4-4.mid,1517
2_rock_130_beat_4-4.mid,119
3_rock_130_beat_4-4.mid,322
4_rock_130_beat_4-4.mid,101
5_rock_130_fill_4-4.mid,36
6_rock_130_beat_4-4.mid,102
7_rock_130_beat_4-4.mid,362
8_rock_130_beat_4-4.mid,362
9_rock_130_beat_4-4.mid,39
1_rock-shuffle_85_beat_4-4.mid,2435
10_rock_105_beat_4-4.mid,104
11_rock_120_beat_4-4.mid,161
12_rock_120_beat_4-4.mid,205
13_rock_120_beat_4-4.mid,220
14_rock_120_beat_4-4.mid,50
15_jazz_120_beat_4-4.mid,107
16_jazz_120_beat_4-4.mid,137
17_jazz_120_beat_4-4.mid,7
18_rock_120_beat_4-4.mid,585
19_jazz_120_beat_4-4.mid,65
1_rock_105_beat_4-4.mid,444
20_rock_120_beat_4-4.mid,46
21_jazz_120_beat_4-4.mid,37
22_jazz_120_beat_4-4.mid,202
23_jazz_120_beat_4-4.mid,78
24_rock_120_beat_4-4.mid,87
25_rock_120_beat_4-4.mid,14
26_rock_120_beat_4-4.mid,11
27_rock_120_beat_4-4.mid,14
28_rock_120_beat_4-4.mid,6
29_rock_120_beat_4-4.mid,14
2_rock_105_beat_4-4.mid,54
30_rock_120_beat_4-4.mid,16
31_jazz_120_beat_4-4.mid,26
32_jazz_120_beat_4-4.mid,62
33_jazz_120_beat_4-4.mid,68
34_rock_120_beat_4-4.mid,16
35_rock_120_beat_4-4.mid,330
36_rock_120_beat_4-4.mid,8
37_rock_120_beat_4-4.mid,11
38_rock_120_beat_4-4.mid,11
39_jazz_120_beat_4-4.mid,43
3_rock_105_beat_4-4.mid,184
40_rock_120_beat_4-4.mid,13
41_rock_120_beat_4-4.mid,11
42_rock_120_beat_4-4.mid,16
43_rock_120_beat_4-4.mid,14
44_rock_120_beat_4-4.mid,25
45_rock_120_beat_4-4.mid,28
46_rock_120_beat_4-4.mid,10
47_rock_120_beat_4-4.mid,3
48_rock_120_beat_4-4.mid,17
49_rock_120_beat_4-4.mid,22
4_rock_105_beat_4-4.mid,160
50_rock_120_beat_4-4.mid,22
5_rock_105_beat_4-4.mid,132
6_rock_105_beat_4-4.mid,84
7_rock_105_beat_4-4.mid,259
8_jazz_105_beat_4-4.mid,415
9_rock_105_beat_4-4.mid,486
10_rock_100_beat_4-4.mid,113
11_rock_100_beat_4-4.mid,60
12_rock_100_beat_4-4.mid,44
13_rock_100_beat_4-4.mid,118
14_rock_100_beat_4-4.mid,23
15_rock_100_beat_4-4.mid,86
16_rock_100_beat_4-4.mid,350
17_rock_100_beat_4-4.mid,93
18_rock_100_beat_4-4.mid,34
19_rock_100_beat_4-4.mid,10
1_rock_100_beat_4-4.mid,215
20_rock_92_beat_4-4.mid,248
21_rock_92_beat_4-4.mid,72
22_rock_92_beat_4-4.mid,200
23_rock_92_beat_4-4.mid,39
24_rock_92_beat_4-4.mid,234
25_hiphop_92_beat_4-4.mid,209
26_hiphop_92_beat_4-4.mid,301
27_jazz_92_beat_4-4.mid,29
28_rock_92_beat_4-4.mid,70
29_rock_92_beat_4-4.mid,63
2_rock_100_beat_4-4.mid,143
30_rock_92_beat_4-4.mid,76
31_hiphop_92_beat_4-4.mid,83
32_hiphop_92_beat_4-4.mid,60
33_hiphop_92_beat_4-4.mid,29
34_rock_92_beat_4-4.mid,61
35_rock_92_beat_4-4.mid,73
36_rock_92_beat_4-4.mid,35
37_rock_92_beat_4-4.mid,164
38_rock_92_beat_4-4.mid,66
39_rock_92_fill_4-4.mid,20
3_rock_100_beat_4-4.mid,73
40_hiphop_110_beat_4-4.mid,118
41_hiphop_110_beat_4-4.mid,16
42_rock_110_beat_4-4.mid,94
43_rock_110_beat_4-4.mid,210
44_rock_110_fill_4-4.mid,46
45_rock_110_fill_4-4.mid,76
46_rock_110_fill_4-4.mid,82
47_rock_110_beat_4-4.mid,54
48_rock_110_beat_4-4.mid,46
4_rock_100_beat_4-4.mid,74
5_rock_100_beat_4-4.mid,288
6_rock_100_beat_4-4.mid,149
7_rock_100_beat_4-4.mid,110
8_rock_100_beat_4-4.mid,28
9_rock_100_beat_4-4.mid,57
1_rock_87_beat_4-4.mid,417
2_jazz_158_beat_4-4.mid,483
3_jazz-klezmer_152_beat_4-4.mid,374
4_latin-brazilian_92_beat_4-4.mid,215
5_latin-brazilian_184_beat_4-4.mid,316
6_blues-shuffle_134_beat_4-4.mid,84
7_blues-shuffle_134_beat_4-4.mid,52
8_blues-shuffle_112_beat_4-4.mid,98
9_latin-merengue_158_beat_4-4.mid,183
10_soul-groove10_102_beat_4-4.mid,284
1_funk-groove1_138_beat_4-4.mid,372
2_funk-groove2_105_beat_4-4.mid,334
3_soul-groove3_86_beat_4-4.mid,433
4_soul-groove4_80_beat_4-4.mid,207
5_funk-groove5_84_beat_4-4.mid,403
6_hiphop-groove6_87_beat_4-4.mid,247
7_pop-groove7_138_beat_4-4.mid,265
8_rock-groove8_65_beat_4-4.mid,266
9_soul-groove9_105_beat_4-4.mid,244
10_latin-brazilian-sambareggae_96_beat_4-4.mid,554
11_latin-brazilian-sambareggae_96_beat_4-4.mid,1746
12_latin-brazilian-sambareggae_96_beat_4-4.mid,2498
13_afrocuban-calypso_124_beat_4-4.mid,4274
14_latin-brazilian-songo_112_beat_4-4.mid,4987
15_funk_100_beat_4-4.mid,3268
16_rock_136_beat_4-4.mid,4196
17_blues-shuffle_72_beat_4-4.mid,2455
18_afrocuban_128_beat_4-4.mid,2322
19_middleeastern_126_beat_4-4.mid,2350
1_latin-brazilian-bossa_127_beat_4-4.mid,6913
20_latin-brazilian-baiao_110_beat_4-4.mid,3194
2_latin-brazilian-bossa_127_beat_4-4.mid,7428
3_latin-brazilian-samba_89_beat_4-4.mid,2315
4_latin-brazilian-samba_89_beat_4-4.mid,2127
5_latin-brazilian-samba_89_beat_4-4.mid,2978
6_latin-brazilian-maracatu_96_beat_4-4.mid,2636
7_latin-brazilian-maracatu_96_beat_4-4.mid,3055
8_latin-venezuelan-merengue_162_beat_5-8.mid,1639
9_latin-dominican-merengue_130_beat_4-4.mid,3606
10_neworleans-funk_102_beat_4-4.mid,1859
11_soul_96_beat_4-4.mid,1006
12_rock_105_beat_4-4.mid,1372
13_rock_140_beat_4-4.mid,480
14_rock_140_beat_4-4.mid,832
15_latin-venezuelan-joropo_80_beat_4-4.mid,1502
16_latin-ando_125_beat_3-4.mid,2099
17_latin-brazilian-samba_110_beat_4-4.mid,1980
18_latin-brazilian-samba_93_beat_4-4.mid,588
19_latin-brazilian-ijexa_108_beat_4-4.mid,808
1_latin-venezuelan-sangueo_101_beat_4-4.mid,947
20_latin-brazilian-ijexa_108_beat_4-4.mid,353
21_latin-brazilian-ijexa_108_beat_4-4.mid,875
22_latin-brazilian-frevo_133_beat_4-4.mid,2367
23_latin-brazilian-songo_120_beat_4-4.mid,1350
24_latin-brazilian-songo_120_beat_4-4.mid,1868
2_latin-brazilian_101_beat_4-4.mid,681
3_latin-brazilian_101_beat_4-4.mid,1279
4_reggae_141_beat_4-4.mid,1651
5_reggae_126_beat_4-4.mid,1782
6_neworleans-secondline_99_beat_4-4.mid,3245
7_neworleans-secondline_124_beat_4-4.mid,1520
8_neworleans-chacha_124_beat_4-4.mid,1166
9_neworleans-shuffle_104_beat_4-4.mid,1754
1_rock_70_beat_6-8.mid,242
2_rock_70_beat_6-8.mid,539
3_rock_80_beat_6-8.mid,147
4_rock_80_beat_6-8.mid,346
5_rock_60_beat_6-8.mid,423
1_rock_95_beat_4-4.mid,1469
2_rock_95_beat_4-4.mid,1194
3_rock_88_beat_4-4.mid,1494
1_rock_90_beat_4-4.mid,438
2_rock_100_beat_4-4.mid,592
3_rock_100_beat_4-4.mid,1267
4_rock_127_beat_4-4.mid,1080
5_rock_180_beat_4-4.mid,1118
6_rock_88_beat_4-4.mid,1196
7_rock_88_beat_4-4.mid,793
10_soul-groove10_102_beat_4-4.mid,258
1_funk-groove1_138_beat_4-4.mid,257
2_funk-groove2_105_beat_4-4.mid,254
3_soul-groove3_86_beat_4-4.mid,415
4_soul-groove4_80_beat_4-4.mid,187
5_funk-groove5_84_beat_4-4.mid,338
6_hiphop-groove6_87_beat_4-4.mid,323
7_pop-groove7_138_beat_4-4.mid,199
8_rock-groove8_65_beat_4-4.mid,221
9_soul-groove9_105_beat_4-4.mid,212
10_rock_93_beat_4-4.mid,482
11_rock_93_beat_4-4.mid,303
12_funk_102_beat_4-4.mid,566
13_funk_102_beat_4-4.mid,1046
14_jazz_100_beat_4-4.mid,292
15_jazz_112_beat_4-4.mid,497
16_hiphop_100_beat_4-4.mid,381
17_hiphop_100_beat_4-4.mid,666
18_hiphop_100_beat_4-4.mid,155
19_hiphop_100_fill_4-4.mid,33
1_rock_86_beat_4-4.mid,1364
20_hiphop_100_fill_4-4.mid,39
21_hiphop_100_fill_4-4.mid,82
22_hiphop_100_beat_4-4.mid,159
23_hiphop_100_fill_4-4.mid,13
24_hiphop_100_fill_4-4.mid,18
25_hiphop_100_fill_4-4.mid,17
26_hiphop_100_fill_4-4.mid,23
27_hiphop_100_fill_4-4.mid,21
28_hiphop_100_fill_4-4.mid,22
29_hiphop_100_fill_4-4.mid,27
2_rock_86_fill_4-4.mid,40
30_hiphop_100_fill_4-4.mid,26
31_hiphop_100_fill_4-4.mid,13
32_hiphop_100_fill_4-4.mid,18
33_hiphop_100_fill_4-4.mid,16
34_hiphop_100_fill_4-4.mid,22
35_hiphop_100_fill_4-4.mid,13
36_hiphop_100_fill_4-4.mid,17
37_hiphop_100_fill_4-4.mid,12
38_hiphop_100_beat_4-4.mid,190
39_hiphop_100_beat_4-4.mid,193
3_rock_86_fill_4-4.mid,36
40_hiphop_100_beat_4-4.mid,111
4_rock_86_fill_4-4.mid,28
5_rock_86_fill_4-4.mid,19
6_rock_86_fill_4-4.mid,20
7_rock_93_beat_4-4.mid,216
8_rock_93_beat_4-4.mid,1276
9_rock_93_beat_4-4.mid,690
100_pop_142_beat_4-4.mid,194
101_pop_142_beat_4-4.mid,381
102_pop_132_beat_4-4.mid,90
103_pop_132_beat_4-4.mid,384
104_pop_132_beat_4-4.mid,395
105_pop_132_beat_4-4.mid,141
106_soul-motown_104_beat_4-4.mid,523
107_soul-motown_104_fill_4-4.mid,7
108_soul-motown_104_beat_4-4.mid,282
109_soul-motown_104_fill_4-4.mid,11
10_rock_95_fill_4-4.mid,20
110_soul-motown_104_fill_4-4.mid,7
111_soul-motown_104_fill_4-4.mid,11
112_jazz-fusion_96_beat_4-4.mid,268
113_jazz-fusion_96_beat_4-4.mid,270
114_jazz-fusion_96_beat_4-4.mid,127
115_jazz-fusion_96_beat_4-4.mid,515
116_jazz-fusion_96_fill_4-4.mid,18
117_jazz-fusion_96_fill_4-4.mid,15
118_jazz-fusion_96_fill_4-4.mid,19
119_jazz-fusion_96_fill_4-4.mid,28
11_rock_95_fill_4-4.mid,18
120_jazz-fusion_96_fill_4-4.mid,21
121_jazz-fusion_96_fill_4-4.mid,6
122_jazz-fusion_96_fill_4-4.mid,28
123_hiphop_140_beat_4-4.mid,856
124_hiphop_140_fill_4-4.mid,19
125_hiphop_140_fill_4-4.mid,40
126_hiphop_140_fill_4-4.mid,39
127_hiphop_140_fill_4-4.mid,48
128_hiphop_140_fill_4-4.mid,45
129_hiphop_140_fill_4-4.mid,31
12_rock_95_beat_4-4.mid,35
130_hiphop_140_fill_4-4.mid,24
131_hiphop_140_fill_4-4.mid,29
132_hiphop_140_fill_4-4.mid,26
133_hiphop_140_fill_4-4.mid,37
13_rock_95_fill_4-4.mid,18
14_rock_95_beat_4-4.mid,223
15_rock_118_beat_4-4.mid,1102
16_rock_118_fill_4-4.mid,18
17_rock_118_fill_4-4.mid,38
18_rock_118_fill_4-4.mid,36
19_rock_118_fill_4-4.mid,24
1_rock_120_beat_4-4.mid,502
20_rock_118_fill_4-4.mid,39
21_rock_118_fill_4-4.mid,11
22_rock_118_beat_4-4.mid,3
23_rock_118_fill_4-4.mid,10
24_rock_118_beat_4-4.mid,185
25_rock_118_fill_4-4.mid,8
26_rock_118_beat_4-4.mid,380
27_rock_75_beat_4-4.mid,710
28_rock_75_fill_4-4.mid,8
29_rock_75_beat_4-4.mid,193
2_rock_120_beat_4-4.mid,57
30_rock_75_beat_4-4.mid,48
31_rock_75_fill_4-4.mid,16
32_rock_75_fill_4-4.mid,13
33_rock_75_beat_4-4.mid,150
34_rock_75_fill_4-4.mid,15
35_rock_75_fill_4-4.mid,8
36_rock_75_fill_4-4.mid,235
37_rock_112_beat_4-4.mid,933
38_rock_112_fill_4-4.mid,12
39_rock_112_fill_4-4.mid,8
3_rock_120_beat_4-4.mid,30
40_rock_112_fill_4-4.mid,33
41_rock_112_fill_4-4.mid,39
42_rock_112_fill_4-4.mid,26
43_rock_112_fill_4-4.mid,22
44_rock_112_fill_4-4.mid,12
45_rock_135_beat_4-4.mid,687
46_rock_135_beat_4-4.mid,333
47_rock_135_fill_4-4.mid,17
48_rock_135_fill_4-4.mid,30
49_rock_135_beat_4-4.mid,125
4_rock_120_beat_4-4.mid,91
50_rock_135_fill_4-4.mid,12
51_rock_135_fill_4-4.mid,30
52_rock_135_fill_4-4.mid,33
53_rock_135_beat_4-4.mid,283
54_soul-motown_148_beat_4-4.mid,1150
55_soul-motown_148_fill_4-4.mid,19
56_soul-motown_148_fill_4-4.mid,17
57_soul-motown_148_fill_4-4.mid,73
58_soul-motown_148_fill_4-4.mid,45
59_soul-motown_148_fill_4-4.mid,43
5_rock_120_beat_4-4.mid,13
60_soul-motown_148_fill_4-4.mid,6
61_soul-motown_148_fill_4-4.mid,6
62_soul-motown_148_fill_4-4.mid,33
63_soul-motown_148_beat_4-4.mid,276
64_rock_145_beat_4-4.mid,808
65_rock_145_fill_4-4.mid,19
66_rock_145_fill_4-4.mid,22
67_rock_145_fill_4-4.mid,34
68_rock_145_fill_4-4.mid,27
69_rock_145_fill_4-4.mid,34
6_rock_120_beat_4-4.mid,345
70_rock_145_fill_4-4.mid,31
71_rock_145_fill_4-4.mid,59
72_funk_100_beat_4-4.mid,997
73_funk_100_fill_4-4.mid,12
74_funk_100_fill_4-4.mid,15
75_funk_100_fill_4-4.mid,21
76_funk_100_beat_4-4.mid,37
77_funk_100_beat_4-4.mid,81
78_funk_100_beat_4-4.mid,29
79_funk_100_beat_4-4.mid,229
7_rock_120_beat_4-4.mid,39
80_country_78_beat_4-4.mid,683
81_country_78_fill_4-4.mid,20
82_country_78_fill_4-4.mid,5
83_country_78_fill_4-4.mid,9
84_country_78_fill_4-4.mid,10
85_country_78_fill_4-4.mid,14
86_country_78_fill_4-4.mid,10
87_hiphop_75_beat_4-4.mid,1278
88_hiphop_75_fill_4-4.mid,23
89_hiphop_75_fill_4-4.mid,43
8_rock_95_beat_4-4.mid,605
90_hiphop_75_fill_4-4.mid,32
91_hiphop_75_fill_4-4.mid,41
92_hiphop_75_beat_4-4.mid,122
93_hiphop_75_beat_4-4.mid,217
94_hiphop_75_fill_4-4.mid,82
95_hiphop_75_fill_4-4.mid,61
96_pop_142_beat_4-4.mid,668
97_pop_142_beat_4-4.mid,272
98_pop_142_fill_4-4.mid,32
99_pop_142_fill_4-4.mid,59
9_rock_95_fill_4-4.mid,11
100_hiphop_70_fill_4-4.mid,33
101_hiphop_70_fill_4-4.mid,30
102_hiphop_70_fill_4-4.mid,56
103_hiphop_70_fill_4-4.mid,26
104_hiphop_70_fill_4-4.mid,25
105_hiphop_70_fill_4-4.mid,20
106_hiphop_70_beat_4-4.mid,495
107_hiphop_70_fill_4-4.mid,18
108_rock_95_beat_4-4.mid,868
109_rock_95_beat_4-4.mid,340
10_rock_60_beat_4-4.mid,650
110_rock_95_fill_4-4.mid,16
111_rock_95_fill_4-4.mid,21
112_rock_95_fill_4-4.mid,21
113_rock_95_fill_4-4.mid,13
114_rock_95_fill_4-4.mid,21
115_rock_95_fill_4-4.mid,12
116_rock_95_fill_4-4.mid,13
117_rock_95_beat_4-4.mid,165
118_rock_95_fill_4-4.mid,19
119_rock_95_beat_4-4.mid,166
11_pop-soft_83_beat_4-4.mid,615
120_rock_93_beat_4-4.mid,737
121_rock_93_fill_4-4.mid,19
122_rock_93_fill_4-4.mid,22
123_rock_93_fill_4-4.mid,24
124_rock_93_fill_4-4.mid,17
125_rock_93_fill_4-4.mid,35
126_rock_93_fill_4-4.mid,36
127_rock_93_fill_4-4.mid,35
128_rock_93_fill_4-4.mid,35
129_rock_93_beat_4-4.mid,418
12_pop-soft_83_fill_4-4.mid,16
130_soul_105_beat_4-4.mid,225
131_soul_105_beat_4-4.mid,287
132_soul_105_beat_4-4.mid,951
133_soul_105_beat_4-4.mid,566
134_soul_105_fill_4-4.mid,18
135_soul_105_fill_4-4.mid,15
136_soul_105_fill_4-4.mid,17
137_soul_105_fill_4-4.mid,17
138_soul_105_fill_4-4.mid,19
139_soul_105_fill_4-4.mid,20
13_pop-soft_83_fill_4-4.mid,15
140_soul_105_fill_4-4.mid,17
141_soul_105_fill_4-4.mid,16
142_soul_105_fill_4-4.mid,16
143_soul_105_fill_4-4.mid,18
144_soul_105_fill_4-4.mid,15
145_soul_105_fill_4-4.mid,15
146_soul_105_fill_4-4.mid,36
147_soul_105_fill_4-4.mid,25
148_soul_105_fill_4-4.mid,40
149_soul_105_fill_4-4.mid,24
14_pop-soft_83_fill_4-4.mid,20
150_soul_105_beat_4-4.mid,528
151_soul_98_beat_4-4.mid,698
152_soul_98_fill_4-4.mid,16
153_soul_98_fill_4-4.mid,21
154_soul_98_fill_4-4.mid,25
155_soul_98_fill_4-4.mid,21
156_soul_98_fill_4-4.mid,36
157_soul_98_fill_4-4.mid,24
158_soul_98_fill_4-4.mid,18
159_soul_98_beat_4-4.mid,209
15_pop-soft_83_fill_4-4.mid,15
16_pop-soft_83_fill_4-4.mid,10
17_pop-soft_83_fill_4-4.mid,12
18_pop-soft_83_fill_4-4.mid,19
19_pop-soft_83_fill_4-4.mid,10
1_rock_60_beat_4-4.mid,472
20_pop-soft_83_fill_4-4.mid,18
21_pop-soft_83_fill_4-4.mid,23
22_pop-soft_83_beat_4-4.mid,246
23_pop-soft_83_beat_4-4.mid,143
24_hiphop_67_beat_4-4.mid,739
25_hiphop_67_fill_4-4.mid,15
26_hiphop_67_fill_4-4.mid,15
27_hiphop_67_fill_4-4.mid,23
28_hiphop_67_fill_4-4.mid,20
29_hiphop_67_fill_4-4.mid,15
2_rock_60_fill_4-4.mid,8
30_hiphop_67_fill_4-4.mid,19
31_hiphop_67_fill_4-4.mid,40
32_hiphop_67_fill_4-4.mid,32
33_hiphop_67_fill_4-4.mid,32
34_hiphop_67_fill_4-4.mid,30
35_hiphop_67_fill_4-4.mid,31
36_hiphop_67_fill_4-4.mid,43
37_hiphop_67_fill_4-4.mid,39
38_hiphop_67_beat_4-4.mid,443
39_rock-indie_63_beat_4-4.mid,960
3_rock_60_fill_4-4.mid,4
40_rock-indie_63_fill_4-4.mid,8
41_rock-indie_63_fill_4-4.mid,10
42_rock-indie_63_fill_4-4.mid,4
43_rock-indie_63_fill_4-4.mid,6
44_rock-indie_63_fill_4-4.mid,7
45_rock-indie_63_fill_4-4.mid,15
46_rock-indie_63_beat_4-4.mid,518
47_funk_112_beat_4-4.mid,708
48_funk_112_beat_4-4.mid,92
49_funk_112_beat_4-4.mid,264
4_rock_60_fill_4-4.mid,7
50_funk_112_fill_4-4.mid,8
51_funk_112_fill_4-4.mid,8
52_funk_112_fill_4-4.mid,13
53_funk_112_fill_4-4.mid,17
54_funk_112_fill_4-4.mid,14
55_funk_112_fill_4-4.mid,17
56_funk_112_fill_4-4.mid,25
57_funk_112_fill_4-4.mid,32
58_funk_112_fill_4-4.mid,17
59_funk_112_fill_4-4.mid,13
5_rock_60_fill_4-4.mid,9
60_funk_112_fill_4-4.mid,14
61_funk_112_fill_4-4.mid,43
62_funk_112_fill_4-4.mid,41
63_funk_112_fill_4-4.mid,36
64_funk_112_beat_4-4.mid,283
65_funk_112_beat_4-4.mid,677
66_funk_112_fill_4-4.mid,18
67_neworleans-funk_93_beat_4-4.mid,1361
68_neworleans-funk_93_fill_4-4.mid,17
69_neworleans-funk_93_fill_4-4.mid,14
6_rock_60_fill_4-4.mid,9
70_neworleans-funk_93_fill_4-4.mid,41
71_neworleans-funk_93_fill_4-4.mid,33
72_neworleans-funk_93_fill_4-4.mid,26
73_neworleans-funk_93_fill_4-4.mid,51
74_neworleans-funk_93_fill_4-4.mid,39
75_neworleans-funk_93_fill_4-4.mid,42
76_neworleans-funk_93_fill_4-4.mid,38
77_neworleans-funk_93_fill_4-4.mid,38
78_neworleans-funk_93_fill_4-4.mid,33
79_neworleans-funk_93_fill_4-4.mid,19
7_rock_60_fill_4-4.mid,12
80_neworleans-funk_93_fill_4-4.mid,35
81_neworleans-funk_93_fill_4-4.mid,24
82_neworleans-funk_93_fill_4-4.mid,20
83_neworleans-funk_93_fill_4-4.mid,24
84_neworleans-funk_93_fill_4-4.mid,43
85_neworleans-funk_93_fill_4-4.mid,53
86_neworleans-funk_93_fill_4-4.mid,49
87_neworleans-funk_93_fill_4-4.mid,37
88_neworleans-funk_93_fill_4-4.mid,35
89_neworleans-funk_93_fill_4-4.mid,46
8_rock_60_fill_4-4.mid,6
90_neworleans-funk_93_fill_4-4.mid,48
91_neworleans-funk_93_beat_4-4.mid,415
92_hiphop_70_beat_4-4.mid,1168
93_hiphop_70_fill_4-4.mid,16
94_hiphop_70_fill_4-4.mid,25
95_hiphop_70_fill_4-4.mid,32
96_hiphop_70_fill_4-4.mid,37
97_hiphop_70_fill_4-4.mid,29
98_hiphop_70_fill_4-4.mid,43
99_hiphop_70_fill_4-4.mid,30
9_rock_60_fill_4-4.mid,4
10_soul-groove10_102_beat_4-4.mid,274
1_funk-groove1_138_beat_4-4.mid,297
2_funk-groove2_105_beat_4-4.mid,254
3_soul-groove3_86_beat_4-4.mid,400
4_soul-groove4_80_beat_4-4.mid,222
5_funk-groove5_84_beat_4-4.mid,343
6_hiphop-groove6_87_beat_4-4.mid,313
7_pop-groove7_138_beat_4-4.mid,197
8_rock-groove8_65_beat_4-4.mid,223
9_soul-groove9_105_beat_4-4.mid,208
10_neworleans-funk_82_beat_4-4.mid,1442
11_neworleans-funk_82_beat_4-4.mid,1312
12_latin_118_beat_4-4.mid,1134
13_latin_118_beat_4-4.mid,956
14_hiphop_94_beat_4-4.mid,1129
15_hiphop_94_beat_4-4.mid,1060
16_afrobeat_90_beat_4-4.mid,1553
17_afrobeat_90_beat_4-4.mid,1194
18_funk_108_beat_4-4.mid,1686
19_funk_108_beat_4-4.mid,2111
1_funk_95_beat_4-4.mid,1567
20_rock-shuffle_112_beat_4-4.mid,1147
21_rock-shuffle_112_beat_4-4.mid,1056
22_funk_115_beat_4-4.mid,2466
23_hiphop_70_beat_4-4.mid,643
24_funk-latin_100_beat_4-4.mid,1683
25_funk-latin_100_beat_4-4.mid,1007
26_afrobeat_94_beat_4-4.mid,2360
27_latin_122_beat_4-4.mid,2872
28_rock_102_beat_4-4.mid,1305
2_funk_95_beat_4-4.mid,927
3_hiphop_90_beat_4-4.mid,374
4_hiphop_90_beat_4-4.mid,1054
5_hiphop_90_beat_4-4.mid,1016
6_funk_80_beat_4-4.mid,1411
7_funk_80_beat_4-4.mid,1154
8_funk_96_beat_4-4.mid,677
9_funk_96_beat_4-4.mid,493
10_hiphop_86_beat_4-4.mid,1062
11_funk_81_beat_4-4.mid,1871
12_funk_81_beat_4-4.mid,1518
13_afrobeat_103_beat_4-4.mid,1537
14_afrobeat_103_beat_4-4.mid,852
15_funk_95_beat_4-4.mid,1221
16_funk_95_beat_4-4.mid,915
17_afrobeat_85_beat_4-4.mid,1732
18_afrobeat_85_beat_4-4.mid,887
19_neworleans-funk_90_beat_4-4.mid,1964
1_funk_92_beat_4-4.mid,1847
20_neworleans-funk_90_beat_4-4.mid,1830
21_afrobeat_110_beat_4-4.mid,2945
22_rock_96_beat_4-4.mid,1464
23_rock_96_beat_4-4.mid,1158
24_latin_84_beat_4-4.mid,1771
25_latin_84_beat_4-4.mid,1201
26_dance-disco_137_beat_4-4.mid,2817
27_dance-disco_137_beat_4-4.mid,1390
28_latin-bounce_106_beat_4-4.mid,2395
29_latin-bounce_106_beat_4-4.mid,1490
2_funk_92_beat_4-4.mid,3814
30_afrobeat_98_beat_4-4.mid,1585
31_afrobeat_98_beat_4-4.mid,1170
32_rock_117_beat_4-4.mid,1800
33_rock_117_beat_4-4.mid,826
34_latin-brazilian-songo_120_beat_4-4.mid,1868
35_latin-brazilian-songo_120_beat_4-4.mid,2127
36_latin_118_beat_4-4.mid,1697
37_rock_112_beat_4-4.mid,1626
38_rock_112_beat_4-4.mid,1213
39_rock-indie_104_beat_4-4.mid,1593
3_afrobeat_114_beat_4-4.mid,2438
40_rock-indie_104_beat_4-4.mid,1060
41_highlife_126_beat_4-4.mid,2632
42_highlife_126_beat_4-4.mid,1370
4_afrobeat_114_beat_4-4.mid,2260
5_funk_91_beat_4-4.mid,2190
6_funk_91_beat_4-4.mid,1966
7_latin_95_beat_4-4.mid,1817
8_latin_95_beat_4-4.mid,1396
9_hiphop_86_beat_4-4.mid,1268
10_rock_100_beat_4-4.mid,43
11_rock_100_beat_4-4.mid,80
12_rock_100_beat_4-4.mid,70
13_rock_120_beat_4-4.mid,416
14_rock_120_beat_4-4.mid,1006
15_rock_120_beat_4-4.mid,109
16_rock_120_beat_4-4.mid,54
17_rock_120_beat_4-4.mid,45
18_rock_120_beat_4-4.mid,181
19_rock_120_beat_4-4.mid,327
1_rock_100_beat_4-4.mid,337
20_rock_120_beat_4-4.mid,1154
21_rock_120_beat_4-4.mid,45
22_rock_120_beat_4-4.mid,221
23_rock_120_beat_4-4.mid,496
24_rock_90_beat_4-4.mid,468
25_rock_90_beat_4-4.mid,262
26_rock_90_beat_4-4.mid,258
27_rock_90_beat_4-4.mid,51
28_rock_90_beat_4-4.mid,319
29_rock_90_beat_4-4.mid,110
2_rock_100_beat_4-4.mid,316
30_rock_90_beat_4-4.mid,192
3_rock_100_beat_4-4.mid,384
4_rock_100_beat_4-4.mid,89
5_rock_100_beat_4-4.mid,548
6_rock_100_beat_4-4.mid,38
7_rock_100_beat_4-4.mid,160
8_rock_100_beat_4-4.mid,95
9_rock_100_beat_4-4.mid,62
